Actors,Actors_New
Private,Private Sector and Business Organisations
Media,Media and the Arts
Civil Society,Civil Society and Community-Based Organisations
Academia,Knowledge and Educational Communities
Governments,Local/National Governments and Municipalities
NGOs,Civil Society and Community-Based Organisations
Funders,Financial Institutions
IPLCs,IPLCs
Multilateral Organisations,Global/Regional Institutions and Science-Policy Interfaces
Regional Organisations,Global/Regional Institutions and Science-Policy Interfaces
