CovidenceID,Title,PaperType,Region,Scale,Nexus,NChallenge,Gov,Policy,Actors,CrossCut
1,Key axes of global progress towards the Sustainable Development Goals,Empirical,Not applicable (no specific spatial location),Not applicable (no specific spatial location),Biodiversity; Food; Water,Challenge #1 - Nexus Complexity Challenge (addressing and embracing nexus complexity),NA,NA,NA,Energy
6,Navigating the nexus: The role of intermediaries in charting a new frontier of policy integration for agrifood and energy systems transformation,Review; Empirical,Northern Europe,Subnational >100 km² (watershed),Food; Water,Challenge #1 - Nexus Complexity Challenge (addressing and embracing nexus complexity); Challenge #3 – Nexus Governance Challenge (effective governance of the nexus),Hierarchical Governance; Network Governance,Legal and Regulatory Instruments; Economic and Financial Instruments,"Private; Media; Civil Society; Academia; Governments; Other: Farmers (unspecified), Farm advisores",Energy; Other: Policyscape (policy landscape)
8,Partnerships and Network Governance for Urban Food-Energy-Water (FEW) Nexus,Perspective; Other: Cases,Northern America; Not applicable (no specific spatial location),Subnational >100 km² (watershed); Not applicable (no specific spatial location),Food; Water,Challenge #3 – Nexus Governance Challenge (effective governance of the nexus),Network Governance,Legal and Regulatory Instruments,Private; Civil Society; NGOs; Governments,Equity; Energy
11,Appraising the Water-Energy-Food Nexus From a Sustainable Development Perspective: A Maturing Paradigm?,Review,Northern Africa; Sub-Saharan Africa; Latin America and the Caribbean; Northern America; Central Asia; Eastern Asia; South-eastern Asia; Southern Asia; Western Asia; Melanesia; Micronesia; Polynesia,Multi-regional (multiple continents/geographic regions),Biodiversity; Climate; Health; Food; Water,"Challenge #1 - Nexus Complexity Challenge (addressing and embracing nexus complexity); Challenge #2 – Nexus Values Challenge (considering multiple values and trade-offs); Challenge #3 – Nexus Governance Challenge (effective governance of the nexus) ; Challenge #4 – Nexus Financial Challenge (ensuring adequate financing for the nexus); Challenge #5 – Nexus Knowledge and Scaling Challenge (ensuring adequate data, information, and monitoring)",NA,Legal and Regulatory Instruments; Economic and Financial Instruments,Private; Funders; Civil Society; Academia; IPLCs; Governments,Equity; Poverty; Economic growth; Employment; Indigenous values and knowledge; Education; Energy
12,Towards planetary nexus governance in the Anthropocene: An earth system law perspective,Other: Special Issue Article,Not applicable (no specific spatial location),Not applicable (no specific spatial location),Biodiversity; Climate; Health; Food; Water,"Challenge #3 – Nexus Governance Challenge (effective governance of the nexus) ; Challenge #5 – Nexus Knowledge and Scaling Challenge (ensuring adequate data, information, and monitoring)",Other: Polycentric governance,Legal and Regulatory Instruments,Civil Society; Governments,Equity; Energy
14,Co-Benefits Through Coordination of Climate Action and Peacebuilding: A System Dynamics Model,Review; Modelling,Not applicable (no specific spatial location),Not applicable (no specific spatial location),Biodiversity; Climate; Food; Water,Challenge #3 – Nexus Governance Challenge (effective governance of the nexus),Network Governance,NA,"Academia; Multilateral Organisations; Governments; Other: humanitarian actors, advocacy actors, research centres, development banks","Other: social cohesion, livelihoods"
15,Integrated Water Resources Management Based on Water Governance and Water-food-energy Nexus through System Dynamics and Social Network Analyzing Approaches,Empirical,South-eastern Asia,Subnational >100 km² (watershed),Food; Water,Challenge #1 - Nexus Complexity Challenge (addressing and embracing nexus complexity); Challenge #3 – Nexus Governance Challenge (effective governance of the nexus),Other: Integrated governance approach,NA,Private; IPLCs; NGOs; Governments,Equity; Energy
21,Global adaptation readiness and income mitigate sectoral climate change vulnerabilities,Conceptual/theoretical; Empirical,Not applicable (no specific spatial location),Multi-regional (multiple continents/geographic regions),Biodiversity; Climate; Health; Food; Water,Challenge #2 – Nexus Values Challenge (considering multiple values and trade-offs); Challenge #3 – Nexus Governance Challenge (effective governance of the nexus),Other,"Other: I would say that the paper suggests a technical input to feed political actions, ' including planning, managing, designing, implementing, and monitoring resilient climate change vulnerability-based development action...'",Private; Funders; Multilateral Organisations; Governments,NA
48,A Societal Metabolism Approach to Effectively Analyze the Water–Energy–Food Nexus in an Agricultural Transboundary River Basin,Conceptual/theoretical,Western Asia,National (whole country),Food; Water,"Challenge #1 - Nexus Complexity Challenge (addressing and embracing nexus complexity); Challenge #2 – Nexus Values Challenge (considering multiple values and trade-offs); Challenge #3 – Nexus Governance Challenge (effective governance of the nexus) ; Challenge #5 – Nexus Knowledge and Scaling Challenge (ensuring adequate data, information, and monitoring)",Network Governance,Economic and Financial Instruments,Governments,Poverty
53,A Systematic Literature Review of Water-Migration-Gender Nexus Toward Integrated Governance Strategies for (Non) Migrants,Review,Not applicable (no specific spatial location),Not applicable (no specific spatial location),Climate; Water,Challenge #1 - Nexus Complexity Challenge (addressing and embracing nexus complexity); Challenge #3 – Nexus Governance Challenge (effective governance of the nexus),Hierarchical Governance,Legal and Regulatory Instruments; Rights-Based Instruments and Customary Norms; Economic and Financial Instruments; Social and Cultural Instruments,NGOs; Regional Organisations; Multilateral Organisations; Governments,"Other: Migration, gender"
56,Nexus disrupted: Lived realities and the water-energy-food nexus from an infrastructure perspective,Perspective,Sub-Saharan Africa,Local >1 km² to 100 km² (neighbourhood to municipality); Subnational >100 km² (watershed),Food; Water,Challenge #1 - Nexus Complexity Challenge (addressing and embracing nexus complexity); Other: Nexus disruptions,Network Governance,NA,Private,Equity; Energy; Other: Gender
58,Governing for Transformative Change across the Biodiversity-Climate-Society Nexus,Review; Perspective,Not applicable (no specific spatial location),Not applicable (no specific spatial location),Biodiversity; Climate; Health; Food,Challenge #1 - Nexus Complexity Challenge (addressing and embracing nexus complexity); Challenge #2 – Nexus Values Challenge (considering multiple values and trade-offs); Challenge #3 – Nexus Governance Challenge (effective governance of the nexus) ; Challenge #4 – Nexus Financial Challenge (ensuring adequate financing for the nexus),NA,Rights-Based Instruments and Customary Norms; Economic and Financial Instruments; Social and Cultural Instruments,Funders; Civil Society; IPLCs,Equity; Poverty; Indigenous values and knowledge
60,"Social-ecological connections across land, water, and sea demand a reprioritization of environmental management",Perspective,Australia and New Zealand,"Local >1 km² to 100 km² (neighbourhood to municipality); Regional (multiple countries, whole continents)",Food; Water,"Challenge #1 - Nexus Complexity Challenge (addressing and embracing nexus complexity); Challenge #2 – Nexus Values Challenge (considering multiple values and trade-offs); Challenge #3 – Nexus Governance Challenge (effective governance of the nexus) ; Challenge #5 – Nexus Knowledge and Scaling Challenge (ensuring adequate data, information, and monitoring)",Network Governance; Community Governance,Other: none,Academia,Education
61,"Food, Energy and Water Nexus: An Urban Living Laboratory Development for Sustainable Systems Transition",Empirical,Not applicable (no specific spatial location),Not applicable (no specific spatial location),Food; Water,"Challenge #1 - Nexus Complexity Challenge (addressing and embracing nexus complexity); Challenge #2 – Nexus Values Challenge (considering multiple values and trade-offs); Challenge #3 – Nexus Governance Challenge (effective governance of the nexus) ; Challenge #4 – Nexus Financial Challenge (ensuring adequate financing for the nexus); Challenge #5 – Nexus Knowledge and Scaling Challenge (ensuring adequate data, information, and monitoring)",Network Governance,Other: none,Private; Governments,Energy
65,Ten Years of Research on the Water-Energy-Food Nexus: An Analysis of Topics Evolution,Review,Not applicable (no specific spatial location),Not applicable (no specific spatial location),Food; Water,Challenge #1 - Nexus Complexity Challenge (addressing and embracing nexus complexity); Challenge #3 – Nexus Governance Challenge (effective governance of the nexus),Other: governance that allow coordination between different actors,NA,NA,Energy
66,"What is climate security? Framing risks around water, food, and migration in the Middle East and North Africa",Review,Northern Africa; Western Asia,Not applicable (no specific spatial location),Climate; Food; Water,Challenge #1 - Nexus Complexity Challenge (addressing and embracing nexus complexity); Challenge #3 – Nexus Governance Challenge (effective governance of the nexus),Hierarchical Governance,"Other: Strategies to decrease vulnerability and provide better adaptation must be interwoven across all interventions, especially focused on those that mitigate water and food insecurity",Private; Media; Civil Society; Academia; Governments; Other: Politicians,Equity; Poverty; Employment
67,The quest for sustainable forest bioenergy: win-win solutions for climate and biodiversity,Review,Eastern Europe;  Northern Europe; Southern Europe; Western Europe,"Regional (multiple countries, whole continents)",Biodiversity; Climate,Challenge #3 – Nexus Governance Challenge (effective governance of the nexus),Network Governance,Legal and Regulatory Instruments,Regional Organisations,Economic growth; Energy
70,A Water-Centric Approach in the Assessment and Governance of the Water-Energy-Climate Change Nexus in South Africa,Conceptual/theoretical,Sub-Saharan Africa,National (whole country),Climate; Water,Challenge #1 - Nexus Complexity Challenge (addressing and embracing nexus complexity),NA,Other: none,Other: none,Energy
71,The food water energy nexus in an urban context: Connecting theory and practice for nexus governance,Review; Conceptual/theoretical,Not applicable (no specific spatial location),Not applicable (no specific spatial location),Food; Water,Challenge #1 - Nexus Complexity Challenge (addressing and embracing nexus complexity); Challenge #3 – Nexus Governance Challenge (effective governance of the nexus),Hierarchical Governance; Market Governance,Legal and Regulatory Instruments,Private; Funders; Civil Society; Academia; Regional Organisations; Governments; Other: International organisations,Energy
72,Water-food-energy nexus for transboundary cooperation in Eastern Africa,Modelling,Sub-Saharan Africa,"Regional (multiple countries, whole continents)",Food; Water,Challenge #3 – Nexus Governance Challenge (effective governance of the nexus),Other: cooperation vs. no cooperation,Legal and Regulatory Instruments,Multilateral Organisations; Governments,Energy
78,Integrating Social-Ecological and Political-Ecological Models of Agrobiodiversity With Nutrient Management of Keystone Food Spaces to Support SDG 2,Empirical,Latin America and the Caribbean,Site <1 km² (field to farm),Biodiversity; Food,Challenge #1 - Nexus Complexity Challenge (addressing and embracing nexus complexity); Challenge #2 – Nexus Values Challenge (considering multiple values and trade-offs),NA,NA,IPLCs,Indigenous values and knowledge; Other: LULC
83,Assessing the Nexus on Local Perspective: A Quali-Quantitative Framework for Water-Energy-Food Security Evaluation in Neglected Territories,Empirical,Latin America and the Caribbean,Subnational >100 km² (watershed),Food; Water,Challenge #1 - Nexus Complexity Challenge (addressing and embracing nexus complexity),Community Governance,Rights-Based Instruments and Customary Norms; Other: Better data collection from the government to better assess social contexts,Civil Society; Governments,Poverty; Energy
84,The need for stewardship of lands exposed by deglaciation from climate change,Opinion,NA,NA,Climate; Health,NA,NA,NA,NA,Other: Migration
87,Analysing the Water-Energy-Food Nexus From a Polycentric Governance Perspective: Conceptual and Methodological Framework,Conceptual/theoretical,Not applicable (no specific spatial location),Not applicable (no specific spatial location),Health; Food; Water,Challenge #3 – Nexus Governance Challenge (effective governance of the nexus),Other: NONE,Legal and Regulatory Instruments; Economic and Financial Instruments,Private; Civil Society; Academia; Regional Organisations; Governments,Equity; Economic growth; Energy
89,Sustainability of the Water-Energy-Food Nexus in Caribbean Small Island Developing States,Empirical,Latin America and the Caribbean,NA,Food; Water,"Challenge #1 - Nexus Complexity Challenge (addressing and embracing nexus complexity); Challenge #5 – Nexus Knowledge and Scaling Challenge (ensuring adequate data, information, and monitoring)",Other: Adaptive governance,NA,Funders; Multilateral Organisations,Energy
93,How Can We Use the Water Cost Instrument in a Scarcity Scenario for the Power Sector in Brazil?,Modelling,Latin America and the Caribbean,Subnational >100 km² (watershed),Food; Water,Challenge #2 – Nexus Values Challenge (considering multiple values and trade-offs); Challenge #4 – Nexus Financial Challenge (ensuring adequate financing for the nexus),Market Governance,Economic and Financial Instruments,Private; Governments,Energy
100,A regional approach to implementing the WEF nexus: a case study of the Southern African Development Community,Review; Other: More of a summary of a policy approach,Sub-Saharan Africa,"Regional (multiple countries, whole continents)",Food; Water,Challenge #3 – Nexus Governance Challenge (effective governance of the nexus),Hierarchical Governance,Legal and Regulatory Instruments; Social and Cultural Instruments,Private; Funders; Regional Organisations; Governments,Energy
101,Analysing complex policy problems: a critical review of the literature,Review,Not applicable (no specific spatial location),Not applicable (no specific spatial location),Climate; Health; Food,Challenge #2 – Nexus Values Challenge (considering multiple values and trade-offs); Challenge #3 – Nexus Governance Challenge (effective governance of the nexus),"Hierarchical Governance; Network Governance; Other: policy integration, multi-level governance",NA,NA,Energy
105,"A 'Chennai' in Every City of the World: The Lethal Mix of the Water Crisis, Climate Change, and Governance Indifference",Review,Southern Asia,National (whole country),Climate; Food; Water,Challenge #3 – Nexus Governance Challenge (effective governance of the nexus) ; Challenge #4 – Nexus Financial Challenge (ensuring adequate financing for the nexus),Hierarchical Governance; Network Governance,Legal and Regulatory Instruments,Private; Civil Society; NGOs; Governments,"Equity; Poverty; Energy; Other: civil rights, democracy, rule of law"
106,Identifying leverage points for shifting Water-Energy-Food nexus cases towards sustainability through the Networks of Action Situations approach combined with systems thinking,"Perspective; Conceptual/theoretical; Other: Discuss the NAS-WEF Nexus in Switzerland, thus is a case study paper.",Southern Europe; Western Europe; Not applicable (no specific spatial location),Subnational >100 km² (watershed); Not applicable (no specific spatial location),Biodiversity; Climate; Food; Water,Challenge #1 - Nexus Complexity Challenge (addressing and embracing nexus complexity); Challenge #3 – Nexus Governance Challenge (effective governance of the nexus),Hierarchical Governance,Legal and Regulatory Instruments; Rights-Based Instruments and Customary Norms,Private; Civil Society; IPLCs; NGOs; Regional Organisations; Governments,Energy
110,Operationalizing water-energy-food nexus research for sustainable development in social-ecological systems: an interdisciplinary learning case in Central Asia,Empirical,Central Asia,"Regional (multiple countries, whole continents)",Food; Water,"Challenge #1 - Nexus Complexity Challenge (addressing and embracing nexus complexity); Challenge #2 – Nexus Values Challenge (considering multiple values and trade-offs); Challenge #3 – Nexus Governance Challenge (effective governance of the nexus) ; Challenge #5 – Nexus Knowledge and Scaling Challenge (ensuring adequate data, information, and monitoring)",Other: Transboundary governance,NA,Funders; Civil Society; Academia; Regional Organisations; Governments,Energy
120,Governing complex environmental policy mixes through institutional bricolage: lessons from the water-forestry-energy-climate nexus,Other: Something between review and perspective,Not applicable (no specific spatial location),Not applicable (no specific spatial location),Biodiversity; Climate; Water,Challenge #1 - Nexus Complexity Challenge (addressing and embracing nexus complexity); Challenge #3 – Nexus Governance Challenge (effective governance of the nexus),NA,NA,NA,Energy
121,A new way forward for ocean-climate policy as reflected in the UNFCCC Ocean and Climate Change Dialogue submissions,"Other: Summary of the Ocean and Climate Change Dialogue, decided at COP25 and launched online in December 2020",Not applicable (no specific spatial location),Not applicable (no specific spatial location),Biodiversity; Climate,Challenge #1 - Nexus Complexity Challenge (addressing and embracing nexus complexity),Community Governance,Legal and Regulatory Instruments; Rights-Based Instruments and Customary Norms,Private; Civil Society; Academia; IPLCs; NGOs; Multilateral Organisations; Governments,Equity; Poverty; Employment; Indigenous values and knowledge; Energy
122,"Understanding barriers to collaborative governance for the food-energy-water nexus: The case of Phoenix, Arizona","Other: Social network analysis, participant observation, and interviews",Northern America,Local >1 km² to 100 km² (neighbourhood to municipality),Food; Water,Other: Sector mismatch/scale mismatch,Other: Collaborative governance,Legal and Regulatory Instruments,Private; NGOs; Governments,Energy
124,Simulating the economic and environmental effects of integrated policies in energy-carbon-water nexus of China,Empirical,Eastern Asia,National (whole country),Climate; Water,Challenge #1 - Nexus Complexity Challenge (addressing and embracing nexus complexity),NA,Economic and Financial Instruments,NA,Energy
125,Designing policy mixes for emerging wicked problems. The case of pharmaceutical residues in freshwaters,Conceptual/theoretical,Western Europe,National (whole country),Biodiversity; Health,Challenge #3 – Nexus Governance Challenge (effective governance of the nexus),Hierarchical Governance,Legal and Regulatory Instruments; Economic and Financial Instruments,Private; Civil Society; Academia; NGOs; Regional Organisations; Governments,NA
128,Water/climate nexus environmental rural-urban migration and coping strategies,Conceptual/theoretical; Empirical,Southern Asia,Subnational >100 km² (watershed),Climate; Water,Challenge #2 – Nexus Values Challenge (considering multiple values and trade-offs); Challenge #3 – Nexus Governance Challenge (effective governance of the nexus),Community Governance,Rights-Based Instruments and Customary Norms; Social and Cultural Instruments,Civil Society; Academia; Governments,Equity; Poverty; Economic growth; Employment
133,Food-energy-water security in sub-Saharan Africa: Quantitative and spatial assessments using an indicator-based approach,Empirical; Modelling,Sub-Saharan Africa,"National (whole country); Regional (multiple countries, whole continents)",Food; Water,Challenge #1 - Nexus Complexity Challenge (addressing and embracing nexus complexity); Challenge #3 – Nexus Governance Challenge (effective governance of the nexus) ; Challenge #4 – Nexus Financial Challenge (ensuring adequate financing for the nexus),Hierarchical Governance,Legal and Regulatory Instruments; Economic and Financial Instruments,NA,Energy
135,Groundwater-sourced irrigation and agro-power subsidies: Boon or bane for small/marginal farmers in India?,Review,Southern Asia,National (whole country),Climate; Food; Water,"Challenge #2 – Nexus Values Challenge (considering multiple values and trade-offs); Challenge #5 – Nexus Knowledge and Scaling Challenge (ensuring adequate data, information, and monitoring); Other: Limited information/data, inappropriate subsidies, lack of monitoring",Market Governance,Economic and Financial Instruments; Social and Cultural Instruments; Other,Private; Governments,Equity; Poverty; Energy
144,Policy and governance dynamics in the water-energy-food-land nexus of biofuels: Proposing a qualitative analysis model,Review; Empirical,Latin America and the Caribbean,National (whole country),Food; Water,Challenge #1 - Nexus Complexity Challenge (addressing and embracing nexus complexity); Challenge #3 – Nexus Governance Challenge (effective governance of the nexus),NA,Legal and Regulatory Instruments; Economic and Financial Instruments,Private; Academia; Multilateral Organisations,Equity; Employment; Energy; Other: Land
147,Urban water-energy-food-climate nexus in integrated wastewater and reuse systems: Cyber-physical framework and innovations,Review,Not applicable (no specific spatial location),Not applicable (no specific spatial location),Climate; Food; Water,Challenge #1 - Nexus Complexity Challenge (addressing and embracing nexus complexity),NA,NA,NA,Energy; Other: Waste
153,Empowering blue economy: From underrated ecosystem to sustainable industry,Review,Not applicable (no specific spatial location),Not applicable (no specific spatial location),Food; Water,Other: Provisioning of nexus elements,Market Governance,Economic and Financial Instruments,Private; Civil Society; Academia; Governments,Energy
161,Water-energy-food nexus approach at the core of businesses – How businesses in the bioenergy sector in Brazil are responding to integrated challenges?,Empirical,Latin America and the Caribbean,National (whole country),Food; Water,Challenge #2 – Nexus Values Challenge (considering multiple values and trade-offs); Challenge #3 – Nexus Governance Challenge (effective governance of the nexus),Market Governance,Economic and Financial Instruments; Social and Cultural Instruments,Private,Economic growth; Employment; Energy
171,Nexus between water security framework and public health: A comprehensive scientific review,Review,Latin America and the Caribbean; Northern America; South-eastern Asia; Southern Asia;  Northern Europe; Australia and New Zealand; Not applicable (no specific spatial location),"National (whole country); Regional (multiple countries, whole continents); Multi-regional (multiple continents/geographic regions); Not applicable (no specific spatial location)",Health; Water,"Challenge #1 - Nexus Complexity Challenge (addressing and embracing nexus complexity); Challenge #3 – Nexus Governance Challenge (effective governance of the nexus) ; Challenge #5 – Nexus Knowledge and Scaling Challenge (ensuring adequate data, information, and monitoring)",NA,NA,"Civil Society; Other: ""Key informants""",Poverty
173,Assessing progress towards sustainable development goals through nexus planning,Perspective; Conceptual/theoretical; Empirical,Sub-Saharan Africa; Not applicable (no specific spatial location),National (whole country); Not applicable (no specific spatial location),Biodiversity; Health; Food; Water,Challenge #1 - Nexus Complexity Challenge (addressing and embracing nexus complexity); Challenge #2 – Nexus Values Challenge (considering multiple values and trade-offs),NA,NA,NA,Equity; Poverty; Economic growth; Education; Energy
178,Shifting from Production-Based to Consumption-Based Nexus Governance: Evidence from an Input–Output Analysis of the Local Water-Energy-Food Nexus,Modelling,Eastern Asia,National (whole country),Food; Water,Challenge #3 – Nexus Governance Challenge (effective governance of the nexus),"Market Governance; Other: Consumption-based governance, focusing intensity metrics on scale efficiency and aiming quantity metrics on pure technical efficiency, and localizing province-specific management strategies.",Legal and Regulatory Instruments,Governments,Energy
186,"Aquaculture-capture fisheries nexus under Covid-19: impacts, diversity, and social-ecological resilience",Empirical,South-eastern Asia,Subnational >100 km² (watershed),Health; Food,Challenge #2 – Nexus Values Challenge (considering multiple values and trade-offs); Challenge #4 – Nexus Financial Challenge (ensuring adequate financing for the nexus),Hierarchical Governance; Community Governance; Other: Multi-level governance,Rights-Based Instruments and Customary Norms; Economic and Financial Instruments,Private; IPLCs; Governments,Equity
188,Scale-related governance challenges in the water–energy–food nexus: toward a diagnostic approach,Review; Perspective,Not applicable (no specific spatial location),Not applicable (no specific spatial location),Food; Water,"Challenge #1 - Nexus Complexity Challenge (addressing and embracing nexus complexity); Challenge #3 – Nexus Governance Challenge (effective governance of the nexus) ; Challenge #5 – Nexus Knowledge and Scaling Challenge (ensuring adequate data, information, and monitoring)",NA,Legal and Regulatory Instruments; Rights-Based Instruments and Customary Norms; Economic and Financial Instruments,Private; Civil Society; Multilateral Organisations; Governments,Energy
191,Reflections on farmers’ social networks: a means for sustainable agricultural development?,Review,Southern Asia,National (whole country),Food; Water,Challenge #3 – Nexus Governance Challenge (effective governance of the nexus),Market Governance; Network Governance; Community Governance,Economic and Financial Instruments; Social and Cultural Instruments,Private; Governments,Equity; Energy
193,"Water-energy-food nexus: Critical review, practical applications, and prospects for future research",Review; Perspective; Conceptual/theoretical,Not applicable (no specific spatial location),Not applicable (no specific spatial location),Food; Water,"Challenge #1 - Nexus Complexity Challenge (addressing and embracing nexus complexity); Challenge #5 – Nexus Knowledge and Scaling Challenge (ensuring adequate data, information, and monitoring)",Other: Governance among different nexus dimensions' sectors,Other: Knowledge and monitoring instruments,Academia; Regional Organisations; Multilateral Organisations; Governments; Other,Energy
196,Measuring urban food-energy-water nexus sustainability: Finding solutions for cities,Conceptual/theoretical; Empirical; Modelling,Eastern Asia;  Northern Europe,Local >1 km² to 100 km² (neighbourhood to municipality),Food; Water,Challenge #3 – Nexus Governance Challenge (effective governance of the nexus),Hierarchical Governance,"Other: Global efforts, such as ISO 37120 (2018), the Sustainable Development Goals (UN, 2016), Refrence Framework for European Sustainable Cities (RFSC, 2014), BREEAM Comunities (BREEAM, 2011), LEED for Neighborhood Development (CASBEE, 2007)","Private; Civil Society; Academia; Regional Organisations; Governments; Other: A third category was evaluated: ""expert"" = people living in the four target cities based on a search for the keywords include ""nexus"", ""food-water-energy"", ""urban"", and ""sustainability"" in google scholar.
",Energy
197,Achieving water security in Nepal through unravelling the water-energy-agriculture nexus,Conceptual/theoretical,Southern Asia,Local >1 km² to 100 km² (neighbourhood to municipality); Subnational >100 km² (watershed),Food; Water,"Challenge #1 - Nexus Complexity Challenge (addressing and embracing nexus complexity); Challenge #2 – Nexus Values Challenge (considering multiple values and trade-offs); Challenge #3 – Nexus Governance Challenge (effective governance of the nexus) ; Challenge #4 – Nexus Financial Challenge (ensuring adequate financing for the nexus); Challenge #5 – Nexus Knowledge and Scaling Challenge (ensuring adequate data, information, and monitoring)",NA,Legal and Regulatory Instruments; Rights-Based Instruments and Customary Norms; Economic and Financial Instruments; Social and Cultural Instruments,Civil Society; Academia; IPLCs; NGOs; Multilateral Organisations; Governments,Energy
200,A review of water-forest-energy-food security nexus data and assessment of studies in East Africa,Review,Sub-Saharan Africa,"Regional (multiple countries, whole continents)",Biodiversity; Climate; Food; Water,"Challenge #1 - Nexus Complexity Challenge (addressing and embracing nexus complexity); Challenge #2 – Nexus Values Challenge (considering multiple values and trade-offs); Challenge #3 – Nexus Governance Challenge (effective governance of the nexus) ; Challenge #5 – Nexus Knowledge and Scaling Challenge (ensuring adequate data, information, and monitoring)",Network Governance; Community Governance,Legal and Regulatory Instruments; Economic and Financial Instruments; Social and Cultural Instruments,Regional Organisations; Governments,Equity; Indigenous values and knowledge; Energy
204,"Narrating the impacts of climate change for urban health governance in Guangzhou, China",Review; Conceptual/theoretical,Eastern Asia,Local >1 km² to 100 km² (neighbourhood to municipality); National (whole country),Climate; Health,Challenge #1 - Nexus Complexity Challenge (addressing and embracing nexus complexity); Challenge #3 – Nexus Governance Challenge (effective governance of the nexus),Hierarchical Governance,Legal and Regulatory Instruments,Governments,NA
217,Sdg implementation through technology? Governing food-water-technology nexus challenges in urban agriculture,Review; Empirical,Western Europe,National (whole country),Food; Water,Challenge #3 – Nexus Governance Challenge (effective governance of the nexus),Hierarchical Governance,Legal and Regulatory Instruments,"Private; Civil Society; Regional Organisations; Governments; Other: Water sector, Food business, Local wastewater associations, food and agribusiness actors",Other: Technology
218,Energy and Environmental Security Nexus in Pakistan,Review; Other: Book,Southern Asia,National (whole country),Biodiversity; Climate; Health; Food,Challenge #1 - Nexus Complexity Challenge (addressing and embracing nexus complexity); Challenge #3 – Nexus Governance Challenge (effective governance of the nexus),NA,Legal and Regulatory Instruments,Private; IPLCs; Governments,Poverty; Economic growth; Employment; Indigenous values and knowledge; Education; Energy
219,Making sustainability plans more equitable: an analysis of 50 U.S. Cities,Review,Northern America,National (whole country),Climate; Food,NA,NA,Social and Cultural Instruments,Private; Governments; Other: City councils,Equity
222,The conceptual basis of water-energy-food nexus governance: systematic literature review using network and discourse analysis,Review,Not applicable (no specific spatial location),Not applicable (no specific spatial location),Food; Water,Challenge #1 - Nexus Complexity Challenge (addressing and embracing nexus complexity); Challenge #2 – Nexus Values Challenge (considering multiple values and trade-offs); Challenge #3 – Nexus Governance Challenge (effective governance of the nexus),Other: integrated water resource management,NA,NA,Equity; Energy
226,Network governance for collective action in implementing united nations sustainable development goals,Other: Network analysis,Eastern Europe;  Northern Europe; Southern Europe; Western Europe,"Regional (multiple countries, whole continents)",Food; Water,Challenge #3 – Nexus Governance Challenge (effective governance of the nexus),Network Governance,Legal and Regulatory Instruments,Civil Society; Regional Organisations; Multilateral Organisations; Governments,Energy
227,"Foundations for convergence: Sub-national collaboration at the nexus of disaster risk reduction, climate change adaptation, and land restoration under multi-level governance in Kenya",Empirical,Sub-Saharan Africa,National (whole country),Climate; Food; Water,"Challenge #3 – Nexus Governance Challenge (effective governance of the nexus) ; Challenge #5 – Nexus Knowledge and Scaling Challenge (ensuring adequate data, information, and monitoring)",Network Governance,Legal and Regulatory Instruments; Economic and Financial Instruments,Civil Society; Academia; IPLCs; NGOs; Multilateral Organisations; Governments,Equity; Indigenous values and knowledge
240,Gender Specific Differences of Smallholder Farm Households Perspective of Food-Energy-Land Nexus Frameworks in Ethiopia,Empirical,Sub-Saharan Africa,Subnational >100 km² (watershed),Food; Water,Challenge #2 – Nexus Values Challenge (considering multiple values and trade-offs),Other: none,NA,Funders; Civil Society; NGOs; Governments,Equity; Energy
245,Sustainability considerations in water-energy-food nexus research in irrigated agriculture,Review,Not applicable (no specific spatial location),Not applicable (no specific spatial location),Food; Water,"Challenge #1 - Nexus Complexity Challenge (addressing and embracing nexus complexity); Challenge #3 – Nexus Governance Challenge (effective governance of the nexus) ; Challenge #5 – Nexus Knowledge and Scaling Challenge (ensuring adequate data, information, and monitoring)",NA,NA,Governments,Energy
254,Confronting governance challenges of the resource nexus through reflexivity: A cross-case comparison of biofuels policies in Germany and Brazil,Conceptual/theoretical; Empirical,Latin America and the Caribbean; Western Europe,National (whole country),Biodiversity; Water,Challenge #1 - Nexus Complexity Challenge (addressing and embracing nexus complexity); Challenge #2 – Nexus Values Challenge (considering multiple values and trade-offs); Challenge #3 – Nexus Governance Challenge (effective governance of the nexus),Hierarchical Governance; Market Governance,Legal and Regulatory Instruments; Economic and Financial Instruments,Private; Civil Society; Academia; NGOs; Governments; Other: National organisations (public/private),Energy
256,"The global governance of water, energy, and food nexus: allocation and access for competing demands",Review; Perspective,Not applicable (no specific spatial location),Not applicable (no specific spatial location),Climate; Food; Water,Challenge #1 - Nexus Complexity Challenge (addressing and embracing nexus complexity); Challenge #3 – Nexus Governance Challenge (effective governance of the nexus),NA,Legal and Regulatory Instruments; Economic and Financial Instruments; Social and Cultural Instruments,NA,Equity; Energy
266,The role of communication in managing complex water-energy-food governance systems,Conceptual/theoretical,Northern America,Subnational >100 km² (watershed),Biodiversity; Climate; Health; Food; Water,"Challenge #1 - Nexus Complexity Challenge (addressing and embracing nexus complexity); Challenge #3 – Nexus Governance Challenge (effective governance of the nexus) ; Challenge #5 – Nexus Knowledge and Scaling Challenge (ensuring adequate data, information, and monitoring)",Network Governance,Legal and Regulatory Instruments,Academia; NGOs; Multilateral Organisations; Governments,Energy
268,Overcoming climate change adaptation barriers: A study on food–energy–water impacts of the average American diet by demographic group,Empirical,Northern America,National (whole country),Climate; Food; Water,Challenge #2 – Nexus Values Challenge (considering multiple values and trade-offs),NA,NA,Private; Governments,Equity; Education; Energy
277,Mainstreaming the Water-Energy-Food Nexus through nationally determined contributions (NDCs): the case of Brazil,Review; Perspective,Latin America and the Caribbean; Eastern Asia; Southern Asia; Eastern Europe;  Northern Europe; Southern Europe; Western Europe,"National (whole country); Regional (multiple countries, whole continents); Multi-regional (multiple continents/geographic regions)",Climate; Food; Water,Challenge #1 - Nexus Complexity Challenge (addressing and embracing nexus complexity); Challenge #2 – Nexus Values Challenge (considering multiple values and trade-offs); Challenge #3 – Nexus Governance Challenge (effective governance of the nexus),Hierarchical Governance,Legal and Regulatory Instruments,Private; Governments,Energy
278,A bibliometric analysis of food-energy-water nexus literature,Review,Not applicable (no specific spatial location),Not applicable (no specific spatial location),Food; Water,"Challenge #1 - Nexus Complexity Challenge (addressing and embracing nexus complexity); Challenge #2 – Nexus Values Challenge (considering multiple values and trade-offs); Challenge #5 – Nexus Knowledge and Scaling Challenge (ensuring adequate data, information, and monitoring)",Other: none,Other: none,Other: none,Energy
280,An MCDM-based social network analysis of water governance to determine actors’ power in water-food-energy nexus,Empirical; Modelling,Western Asia,Subnational >100 km² (watershed),Food; Water,Challenge #1 - Nexus Complexity Challenge (addressing and embracing nexus complexity); Challenge #3 – Nexus Governance Challenge (effective governance of the nexus),Network Governance,NA,Private; Civil Society; Academia; IPLCs; NGOs; Multilateral Organisations; Governments,Energy
281,The water–energy–food nexus: bridging the science–policy divide,Opinion,Not applicable (no specific spatial location),Not applicable (no specific spatial location),Food; Water,Challenge #1 - Nexus Complexity Challenge (addressing and embracing nexus complexity); Challenge #2 – Nexus Values Challenge (considering multiple values and trade-offs); Challenge #3 – Nexus Governance Challenge (effective governance of the nexus),Hierarchical Governance; Other: Centralized governance,NA,NA,Equity; Energy
287,Grounding nexus governance: De-nexused developments in nepal,Conceptual/theoretical,Southern Asia,Subnational >100 km² (watershed),Food; Water,Challenge #3 – Nexus Governance Challenge (effective governance of the nexus),Community Governance,Other: none,Private; Media; Funders; Civil Society; NGOs; Regional Organisations; Multilateral Organisations; Governments,Equity; Poverty; Employment; Energy
292,Food security and land use change under conditions of climate variability: Synthesis and uniting perspectives,Review; Perspective,Not applicable (no specific spatial location),Not applicable (no specific spatial location),Climate; Food,Challenge #1 - Nexus Complexity Challenge (addressing and embracing nexus complexity),NA,NA,Private; Civil Society; Governments,Equity; Poverty; Other: Land
296,Towards a low-carbon economy: A nexus-oriented policy coherence analysis in Greece,Perspective; Conceptual/theoretical; Empirical; Other,Southern Europe,National (whole country),Climate; Food; Water,Challenge #2 – Nexus Values Challenge (considering multiple values and trade-offs),Hierarchical Governance,Legal and Regulatory Instruments; Rights-Based Instruments and Customary Norms; Social and Cultural Instruments,Private; Funders; Civil Society; Academia; NGOs; Governments,Energy; Other: Land and tourism
300,Water insecurity and urban poverty in the Global South: Implications for health and human biology,Review,Not applicable (no specific spatial location),Not applicable (no specific spatial location),Health; Water,"Challenge #5 – Nexus Knowledge and Scaling Challenge (ensuring adequate data, information, and monitoring)",NA,NA,Private; Governments,Equity; Poverty
301,Sustainable development and the water-energy-food nexus: Legal challenges and emerging solutions,Conceptual/theoretical,Northern America;  Northern Europe; Not applicable (no specific spatial location),"National (whole country); Regional (multiple countries, whole continents); Not applicable (no specific spatial location)",Food; Water,Challenge #3 – Nexus Governance Challenge (effective governance of the nexus),NA,Legal and Regulatory Instruments,Regional Organisations; Governments,Energy
306,"Strengthen the European collaborative environmental research to meet European policy goals for achieving a sustainable, non-toxic environment",Perspective,Eastern Europe;  Northern Europe; Southern Europe; Western Europe,"Regional (multiple countries, whole continents)",Biodiversity; Climate; Health; Food; Water,"Challenge #1 - Nexus Complexity Challenge (addressing and embracing nexus complexity); Challenge #4 – Nexus Financial Challenge (ensuring adequate financing for the nexus); Challenge #5 – Nexus Knowledge and Scaling Challenge (ensuring adequate data, information, and monitoring)",Network Governance; Community Governance,Economic and Financial Instruments,Funders; Academia; Governments,NA
313,Water diplomacy and nexus governance in a transboundary context: In the search for complementarities,Review,Sub-Saharan Africa; Western Asia,"Regional (multiple countries, whole continents)",Food; Water,Challenge #1 - Nexus Complexity Challenge (addressing and embracing nexus complexity); Challenge #2 – Nexus Values Challenge (considering multiple values and trade-offs); Challenge #3 – Nexus Governance Challenge (effective governance of the nexus),"Other: water diplomacy, adaptive management",Rights-Based Instruments and Customary Norms; Economic and Financial Instruments; Other,Private; Funders; Civil Society; Governments,Equity; Energy
315,Synergies within the water-energy-food nexus to support the integrated urban resources governance,Conceptual/theoretical; Empirical; Modelling,Eastern Asia,Local >1 km² to 100 km² (neighbourhood to municipality),Food; Water,Challenge #1 - Nexus Complexity Challenge (addressing and embracing nexus complexity); Challenge #2 – Nexus Values Challenge (considering multiple values and trade-offs); Challenge #3 – Nexus Governance Challenge (effective governance of the nexus),Market Governance; Other,Legal and Regulatory Instruments,Other,Energy
327,Controversial Connections: The water-energy-food nexus in the Blue Nile basin of Ethiopia,Conceptual/theoretical,Sub-Saharan Africa,Subnational >100 km² (watershed),Food; Water,Challenge #1 - Nexus Complexity Challenge (addressing and embracing nexus complexity),NA,Other: none,Civil Society; Academia; NGOs; Governments,Equity; Indigenous values and knowledge; Energy
328,Prominent Influence of Socioeconomic and Governance Factors on the Food-Energy-Water Nexus in sub-Saharan Africa,Empirical,Sub-Saharan Africa,"Regional (multiple countries, whole continents)",Health; Food; Water,Challenge #2 – Nexus Values Challenge (considering multiple values and trade-offs),NA,NA,NA,Energy; Other: services
334,Small-scale irrigation scheme governance - poverty nexus: evidence from Ethiopia,Empirical,Sub-Saharan Africa,Subnational >100 km² (watershed),Food; Water,Challenge #3 – Nexus Governance Challenge (effective governance of the nexus),Other: Polycentric governance was proposed,Rights-Based Instruments and Customary Norms; Economic and Financial Instruments,Civil Society; Governments,Poverty
348,Payment for ecosystem services and the water-energy-food nexus: Securing resource flows for the affluent?,Empirical,Latin America and the Caribbean,Subnational >100 km² (watershed),Biodiversity; Food; Water,Challenge #1 - Nexus Complexity Challenge (addressing and embracing nexus complexity); Challenge #2 – Nexus Values Challenge (considering multiple values and trade-offs); Challenge #3 – Nexus Governance Challenge (effective governance of the nexus),Hierarchical Governance,Economic and Financial Instruments,Private; Funders; Civil Society; NGOs; Governments,Equity; Poverty; Employment; Energy; Other: power dynamics
352,"Integrated natural resource management as pathway to poverty reduction: Innovating practices, institutions and policies",Review; Conceptual/theoretical,Not applicable (no specific spatial location),Not applicable (no specific spatial location),Food; Water,"Challenge #1 - Nexus Complexity Challenge (addressing and embracing nexus complexity); Challenge #3 – Nexus Governance Challenge (effective governance of the nexus) ; Challenge #5 – Nexus Knowledge and Scaling Challenge (ensuring adequate data, information, and monitoring)","Other: integrated natural resources management, polycentric governance",Rights-Based Instruments and Customary Norms; Economic and Financial Instruments,NA,Equity; Poverty; Economic growth; Indigenous values and knowledge; Energy; Other: Safety
354,Learning from integrated management approaches to implement the Nexus,Review,Not applicable (no specific spatial location),Not applicable (no specific spatial location),Food; Water,Challenge #1 - Nexus Complexity Challenge (addressing and embracing nexus complexity); Challenge #2 – Nexus Values Challenge (considering multiple values and trade-offs); Other: efficiency,Other: Integrated management approaches,NA,NA,"Energy; Other: Soil, Waste"
356,"Cleaning the air, protecting the climate: Policy, legal and institutional nexus to reduce black carbon emissions in China",Review; Conceptual/theoretical,Eastern Asia,National (whole country),Climate; Health,"Challenge #2 – Nexus Values Challenge (considering multiple values and trade-offs); Challenge #3 – Nexus Governance Challenge (effective governance of the nexus) ; Challenge #5 – Nexus Knowledge and Scaling Challenge (ensuring adequate data, information, and monitoring)",Hierarchical Governance,Legal and Regulatory Instruments,Governments,NA
361,Power dynamics and integration in the water-energy-food nexus: Learning lessons for transdisciplinary research in Cambodia,Empirical; Other: Analysis based on surveys,South-eastern Asia,Subnational >100 km² (watershed),Food; Water,Challenge #1 - Nexus Complexity Challenge (addressing and embracing nexus complexity); Challenge #3 – Nexus Governance Challenge (effective governance of the nexus),"Network Governance; Other: Adaptive ecosystem and resource governance, resource based governance",Legal and Regulatory Instruments,Civil Society; NGOs; Multilateral Organisations; Governments,Energy
366,The biodiversity of food and agriculture (Agrobiodiversity) in the anthropocene: Research advances and conceptual framework,Review; Conceptual/theoretical; Empirical,Latin America and the Caribbean,Subnational >100 km² (watershed),Biodiversity; Climate; Health; Food,Challenge #1 - Nexus Complexity Challenge (addressing and embracing nexus complexity); Challenge #3 – Nexus Governance Challenge (effective governance of the nexus),Other: Biocultural governance approaches,Rights-Based Instruments and Customary Norms; Economic and Financial Instruments; Social and Cultural Instruments,IPLCs; NGOs; Multilateral Organisations; Governments,"Indigenous values and knowledge; Other: Urbanization, migration"
371,Developing interpretive structural modeling based on factor analysis for the water-energy-food nexus conundrum,Conceptual/theoretical,Eastern Asia,Subnational >100 km² (watershed),Food; Water,"Challenge #1 - Nexus Complexity Challenge (addressing and embracing nexus complexity); Challenge #2 – Nexus Values Challenge (considering multiple values and trade-offs); Challenge #3 – Nexus Governance Challenge (effective governance of the nexus) ; Challenge #5 – Nexus Knowledge and Scaling Challenge (ensuring adequate data, information, and monitoring)",NA,NA,Other: none,Equity; Poverty; Energy
377,Exploring sustainable land use in forested tropical social-ecological systems: A case-study in the Wet Tropics,Empirical,Australia and New Zealand,National (whole country),Biodiversity; Climate; Food,NA,Other: None,Other: None,Other: None,NA
378,Governance of the water-energy-food security nexus: A multi-level coordination challenge,Review; Perspective,Western Europe,NA,Food; Water,Challenge #1 - Nexus Complexity Challenge (addressing and embracing nexus complexity); Challenge #3 – Nexus Governance Challenge (effective governance of the nexus),Market Governance; Network Governance; Other: regulatory processes,Rights-Based Instruments and Customary Norms; Economic and Financial Instruments,Private; Civil Society; Multilateral Organisations; Governments,Energy
382,The Water-Energy-Food Nexus,Review; Perspective; Conceptual/theoretical; Other: Book chapter,Eastern Asia,National (whole country),Food; Water,Challenge #1 - Nexus Complexity Challenge (addressing and embracing nexus complexity),Hierarchical Governance,NA,Governments,Energy
385,International law and marine ecosystem governance: The climate change nexus,Review; Conceptual/theoretical,Sub-Saharan Africa; Latin America and the Caribbean; Eastern Asia;  Northern Europe; Not applicable (no specific spatial location),Local >1 km² to 100 km² (neighbourhood to municipality); Subnational >100 km² (watershed); National (whole country),Biodiversity; Climate,"Challenge #1 - Nexus Complexity Challenge (addressing and embracing nexus complexity); Challenge #2 – Nexus Values Challenge (considering multiple values and trade-offs); Challenge #3 – Nexus Governance Challenge (effective governance of the nexus) ; Challenge #4 – Nexus Financial Challenge (ensuring adequate financing for the nexus); Challenge #5 – Nexus Knowledge and Scaling Challenge (ensuring adequate data, information, and monitoring)",Hierarchical Governance; Community Governance,Legal and Regulatory Instruments,Private; Funders; Civil Society; IPLCs; Multilateral Organisations; Governments,Economic growth; Indigenous values and knowledge
403,Assessing Action Situation Networks: A Configurational Perspective on Water and Energy Governance in Irrigation Systems,Other: Network analysis,Southern Asia; Southern Europe,"Regional (multiple countries, whole continents)",Food; Water,Challenge #3 – Nexus Governance Challenge (effective governance of the nexus),NA,Legal and Regulatory Instruments; Economic and Financial Instruments,Private; Governments,Energy
409,The development of the water-energy-food nexus as a framework for achieving resource security: A review,Review,Not applicable (no specific spatial location),Not applicable (no specific spatial location),Food; Water,"Challenge #1 - Nexus Complexity Challenge (addressing and embracing nexus complexity); Challenge #5 – Nexus Knowledge and Scaling Challenge (ensuring adequate data, information, and monitoring)",Other: Integrated natural resource management,NA,NA,"Equity; Poverty; Employment; Energy; Other: Livelihoods,"
416,Ecosystem services and multifunctional agriculture: Unravelling informal stakeholders' perceptions and water governance in three European irrigation systems,Review; Empirical,Southern Europe,Local >1 km² to 100 km² (neighbourhood to municipality); Subnational >100 km² (watershed),Biodiversity; Food; Water,Challenge #2 – Nexus Values Challenge (considering multiple values and trade-offs); Challenge #3 – Nexus Governance Challenge (effective governance of the nexus),Hierarchical Governance,NA,Private; Civil Society; Academia; Regional Organisations; Governments,NA
418,Governing the water-energy-food nexus related to hydropower on shared rivers-the role of regional organizations,Review,Sub-Saharan Africa; South-eastern Asia,Subnational >100 km² (watershed),Food; Water,Challenge #3 – Nexus Governance Challenge (effective governance of the nexus),"Community Governance; Other: ""Nexus Governance"", ""Collaborative Governance""",Economic and Financial Instruments; Social and Cultural Instruments,Private; Media; Funders; Civil Society; NGOs; Governments,Energy
423,"Analysis of the nexus between population, water resources and Global Food Security highlights significance of governance and research investments and policy priorities",Empirical,Not applicable (no specific spatial location),National (whole country),Food; Water,Challenge #1 - Nexus Complexity Challenge (addressing and embracing nexus complexity),NA,NA,NA,"Other: population growth,  corruption"
426,"Framing and integration in the global forest, agriculture and climate change nexus",Review; Perspective,Not applicable (no specific spatial location),Not applicable (no specific spatial location),Biodiversity; Climate; Food,"Challenge #1 - Nexus Complexity Challenge (addressing and embracing nexus complexity); Challenge #5 – Nexus Knowledge and Scaling Challenge (ensuring adequate data, information, and monitoring)",Other: integrative governance,Legal and Regulatory Instruments; Economic and Financial Instruments,Funders; Academia; Regional Organisations; Multilateral Organisations; Governments,NA
428,Towards a relational understanding of the water-energy-food nexus: an analysis of embeddedness and governance in the Upper Blue Nile region of Ethiopia,Empirical,Sub-Saharan Africa,Subnational >100 km² (watershed),Biodiversity; Food; Water,Challenge #1 - Nexus Complexity Challenge (addressing and embracing nexus complexity); Challenge #3 – Nexus Governance Challenge (effective governance of the nexus),Hierarchical Governance,NA,Private; Funders; Civil Society; Governments,Energy
429,Globalization and the water-energy-food nexus – Using the global production networks approach to analyze society-environment relations,Empirical; Other: Survey based,Western Europe,Local >1 km² to 100 km² (neighbourhood to municipality),Food; Water,Challenge #1 - Nexus Complexity Challenge (addressing and embracing nexus complexity),Hierarchical Governance,Legal and Regulatory Instruments,Private; Media; Civil Society; NGOs; Regional Organisations; Multilateral Organisations; Governments,Energy
431,"Seeing land deals through the lens of the ‘land–water nexus’: the case of biofuel production in Piura, Peru",Empirical,Latin America and the Caribbean,Subnational >100 km² (watershed),Food; Water,Challenge #1 - Nexus Complexity Challenge (addressing and embracing nexus complexity); Challenge #3 – Nexus Governance Challenge (effective governance of the nexus),Hierarchical Governance,Legal and Regulatory Instruments; Rights-Based Instruments and Customary Norms; Economic and Financial Instruments; Social and Cultural Instruments,Private; Funders; Civil Society; IPLCs; Multilateral Organisations; Governments,Equity; Other: Land
432,"Interdependencies and Risk to People and Critical Food, Energy, and Water Systems: 2013 Flood, Boulder, Colorado, USA",Conceptual/theoretical; Empirical; Modelling,Northern America,Subnational >100 km² (watershed),Health; Food; Water,Challenge #1 - Nexus Complexity Challenge (addressing and embracing nexus complexity); Challenge #2 – Nexus Values Challenge (considering multiple values and trade-offs); Challenge #3 – Nexus Governance Challenge (effective governance of the nexus),Hierarchical Governance; Community Governance,Legal and Regulatory Instruments; Economic and Financial Instruments,"Private; Funders; Civil Society; Academia; Governments; Other: Authors applied interviews, but defined the actors as ""stakeholders from the social-institutional and infrastructural realms""","Equity; Poverty; Energy; Other: Emergency response, Infrastructure, Public health, Flood recovery"
435,"What is driving the water-energy-food nexus? Discourses, knowledge, and politics of an emerging resource governance concept",Review,Not applicable (no specific spatial location),Not applicable (no specific spatial location),Food; Water,Challenge #1 - Nexus Complexity Challenge (addressing and embracing nexus complexity); Challenge #2 – Nexus Values Challenge (considering multiple values and trade-offs); Challenge #3 – Nexus Governance Challenge (effective governance of the nexus),NA,Economic and Financial Instruments,Multilateral Organisations; Governments,Equity; Poverty; Indigenous values and knowledge; Energy; Other: Power relations
446,Climate change and the water–energy–food nexus: insights from policy and practice in Tanzania,Review; Empirical,Sub-Saharan Africa,National (whole country),Climate; Food; Water,"Challenge #3 – Nexus Governance Challenge (effective governance of the nexus) ; Challenge #4 – Nexus Financial Challenge (ensuring adequate financing for the nexus); Challenge #5 – Nexus Knowledge and Scaling Challenge (ensuring adequate data, information, and monitoring)",Hierarchical Governance,Legal and Regulatory Instruments,Private; Academia; NGOs; Other: Research organisations,Energy
453,"Institutional arrangements for beneficial regional cooperation on water, energy and food priority issues in the Eastern Nile Basin",Empirical,Sub-Saharan Africa,"Regional (multiple countries, whole continents)",Food; Water,Challenge #1 - Nexus Complexity Challenge (addressing and embracing nexus complexity),Network Governance,Legal and Regulatory Instruments; Social and Cultural Instruments,Private; Funders; Civil Society; Regional Organisations; Multilateral Organisations,Energy
456,"Comparison between seasonal pumped-storage and conventional reservoir dams from the water, energy and land nexus perspective",Review; Empirical,Latin America and the Caribbean,National (whole country),Biodiversity; Climate; Water,Other: Physical Energy Storage Challenge,NA,Economic and Financial Instruments,Private,Energy; Other: Land
460,Governing food and agriculture in a warming world,Review; Empirical,Sub-Saharan Africa,National (whole country),Biodiversity; Climate; Food; Water,Challenge #1 - Nexus Complexity Challenge (addressing and embracing nexus complexity); Challenge #2 – Nexus Values Challenge (considering multiple values and trade-offs); Challenge #3 – Nexus Governance Challenge (effective governance of the nexus),NA,Economic and Financial Instruments,Funders; Regional Organisations; Multilateral Organisations,Equity; Energy
461,From state to system: Financialization and the water-energy-food-climate nexus,Review,Not applicable (no specific spatial location),Not applicable (no specific spatial location),Climate; Food; Water,Challenge #3 – Nexus Governance Challenge (effective governance of the nexus),"Hierarchical Governance; Other: system governance, integrated water resources management",Economic and Financial Instruments,Private; Funders; Multilateral Organisations; Governments,Energy
462,In search of a (WEF) nexus approach,Conceptual/theoretical,South-eastern Asia,Subnational >100 km² (watershed),Food; Water,Challenge #1 - Nexus Complexity Challenge (addressing and embracing nexus complexity); Challenge #3 – Nexus Governance Challenge (effective governance of the nexus),Hierarchical Governance; Market Governance,Legal and Regulatory Instruments,Private; Academia; Governments,Energy
465,Governance of water-energy-food nexus: A social network analysis approach to understanding agency behaviour,Perspective,Not applicable (no specific spatial location),Not applicable (no specific spatial location),Food; Water,Challenge #3 – Nexus Governance Challenge (effective governance of the nexus),Hierarchical Governance; Network Governance; Community Governance; Other: multi-level governance,NA,Private; Governments,Energy
466,Games for aiding stakeholder deliberation on nexus policy issues,Perspective,Not applicable (no specific spatial location),Not applicable (no specific spatial location),Biodiversity; Food; Water,Challenge #1 - Nexus Complexity Challenge (addressing and embracing nexus complexity); Challenge #2 – Nexus Values Challenge (considering multiple values and trade-offs); Challenge #3 – Nexus Governance Challenge (effective governance of the nexus),Hierarchical Governance; Market Governance; Network Governance,Legal and Regulatory Instruments; Economic and Financial Instruments,NA,"Energy; Other: Soi, Waste"
470,"System Properties Determine Food Security and Biodiversity Outcomes at Landscape Scale: A Case Study from West Flores, Indonesia",Empirical,South-eastern Asia,Local >1 km² to 100 km² (neighbourhood to municipality),Biodiversity; Food; Water,Challenge #1 - Nexus Complexity Challenge (addressing and embracing nexus complexity),Network Governance; Community Governance,Legal and Regulatory Instruments,Private; Funders; Civil Society; NGOs; Governments; Other: Farmers,Equity; Poverty; Economic growth; Education
475,Considering Resources Beyond Water: Irrigation and Drainage Management in the Context of the Water–Energy–Food Nexus,Perspective,Not applicable (no specific spatial location),Not applicable (no specific spatial location),Climate; Food; Water,"Challenge #1 - Nexus Complexity Challenge (addressing and embracing nexus complexity); Challenge #5 – Nexus Knowledge and Scaling Challenge (ensuring adequate data, information, and monitoring); Other: Lack of capacity",Community Governance,Legal and Regulatory Instruments; Economic and Financial Instruments,Private; Civil Society; Regional Organisations; Multilateral Organisations; Governments,Energy
488,The multipurpose water uses of hydropower reservoirs: The SHARE concept,Review,Sub-Saharan Africa; Latin America and the Caribbean; Northern America; Southern Asia; Australia and New Zealand,Subnational >100 km² (watershed),Biodiversity; Climate; Food; Water,Challenge #3 – Nexus Governance Challenge (effective governance of the nexus),Community Governance,Economic and Financial Instruments,Private; NGOs; Multilateral Organisations; Governments; Other: Hydropower utilities,"Equity; Economic growth; Energy; Other: Tourism, resilience, social cohesion"
491,"Applying the water-energy-food nexus to farm profitability in the middle breede catchment, South Africa",Modelling,Sub-Saharan Africa,Subnational >100 km² (watershed),Food; Water,"Challenge #1 - Nexus Complexity Challenge (addressing and embracing nexus complexity); Challenge #2 – Nexus Values Challenge (considering multiple values and trade-offs); Challenge #4 – Nexus Financial Challenge (ensuring adequate financing for the nexus); Challenge #5 – Nexus Knowledge and Scaling Challenge (ensuring adequate data, information, and monitoring)",NA,NA,Private; Civil Society; Academia; NGOs; Governments,Economic growth; Indigenous values and knowledge; Energy
501,Women's agency in water governance: Lessons from the water and health nexus in Armenia and Ukraine,Perspective,Western Asia; Eastern Europe,National (whole country),Health; Water,Challenge #3 – Nexus Governance Challenge (effective governance of the nexus) ; Challenge #4 – Nexus Financial Challenge (ensuring adequate financing for the nexus),"Community Governance; Other: Human Rights-based Approach (RBA), Participatory Water Governance",Legal and Regulatory Instruments; Rights-Based Instruments and Customary Norms,Private; Civil Society; NGOs; Multilateral Organisations; Governments,Equity; Other: Gender
504,Rethinking water governance: Moving beyond water-centric perspectives in a connected and changing world,Review; Perspective,Not applicable (no specific spatial location),Not applicable (no specific spatial location),Food; Water,Challenge #3 – Nexus Governance Challenge (effective governance of the nexus),"Hierarchical Governance; Network Governance; Other: Adaptive governance, polycentric governance, multi-level governance",Legal and Regulatory Instruments; Economic and Financial Instruments; Social and Cultural Instruments,Private; Funders; Civil Society; Academia; NGOs; Regional Organisations; Multilateral Organisations; Governments,Equity; Poverty; Economic growth; Indigenous values and knowledge; Energy
508,The water-energy-food nexus: An integration agenda and implications for urban governance,Perspective,Not applicable (no specific spatial location),Not applicable (no specific spatial location),Food; Water,Challenge #1 - Nexus Complexity Challenge (addressing and embracing nexus complexity); Challenge #3 – Nexus Governance Challenge (effective governance of the nexus),NA,Legal and Regulatory Instruments; Economic and Financial Instruments,Private; Civil Society; Academia; Governments,Energy
510,Examining the food–energy–water and conflict nexus,Opinion,Not applicable (no specific spatial location),Not applicable (no specific spatial location),Food; Water,Other: Political instability,Other: multilateral governance/international cooperation,Legal and Regulatory Instruments,NA,Energy; Other: Political instability
517,Opportunities for knowledge co-production across the energy-food-water nexus: Making interdisciplinary approaches work for better climate decision making,Empirical,Northern Europe,National (whole country),Food; Water,Challenge #1 - Nexus Complexity Challenge (addressing and embracing nexus complexity); Challenge #2 – Nexus Values Challenge (considering multiple values and trade-offs); Challenge #3 – Nexus Governance Challenge (effective governance of the nexus) ; Challenge #4 – Nexus Financial Challenge (ensuring adequate financing for the nexus),Other: Multi-level governance,NA,Private; Media; Funders; Academia; NGOs; Regional Organisations; Multilateral Organisations; Governments; Other: Policy makers and practitioners,Energy
520,Closing the governance gaps in the water-energy-food nexus: Insights from integrative governance,Review,Not applicable (no specific spatial location),Not applicable (no specific spatial location),Food; Water,Challenge #1 - Nexus Complexity Challenge (addressing and embracing nexus complexity); Challenge #2 – Nexus Values Challenge (considering multiple values and trade-offs); Challenge #3 – Nexus Governance Challenge (effective governance of the nexus),"Other: Adaptive governance, integrative environmental governance",Legal and Regulatory Instruments; Economic and Financial Instruments; Social and Cultural Instruments,NA,Energy
523,"Regulating the water-energy-food nexus: Interdependencies, transaction costs and procedural justice",Empirical,Northern Europe,Subnational >100 km² (watershed),Food; Water,Challenge #1 - Nexus Complexity Challenge (addressing and embracing nexus complexity); Challenge #2 – Nexus Values Challenge (considering multiple values and trade-offs); Challenge #3 – Nexus Governance Challenge (effective governance of the nexus),Hierarchical Governance; Community Governance; Other: decentralised governance,Legal and Regulatory Instruments; Social and Cultural Instruments,Private; NGOs; Regional Organisations; Governments,Equity; Energy; Other: procedural justice
524,"Unfolding livelihood aspects of the Water–Energy–Food Nexus in the Dampalit Watershed, Philippines",Empirical,South-eastern Asia,Subnational >100 km² (watershed),Food; Water,Challenge #3 – Nexus Governance Challenge (effective governance of the nexus),Other: Integrated lake bassin approach,Legal and Regulatory Instruments,Private; Civil Society; NGOs; Governments,Energy
525,The intersection of food security and biodiversity conservation: a review,Review,Not applicable (no specific spatial location),Not applicable (no specific spatial location),Biodiversity; Food,Challenge #1 - Nexus Complexity Challenge (addressing and embracing nexus complexity),NA,NA,NA,NA
528,"Living with insecurity: Food security, resilience, and the world food programme (WFP)",Opinion,Sub-Saharan Africa,Multi-regional (multiple continents/geographic regions),Health; Food,Challenge #3 – Nexus Governance Challenge (effective governance of the nexus),NA,NA,Private; Funders; IPLCs; Multilateral Organisations,Poverty; Other: Security
534,"The water-energy-food nexus: Trade-offs, thresholds and transdisciplinary approaches to sustainable development",Conceptual/theoretical; Empirical,Not applicable (no specific spatial location),Not applicable (no specific spatial location),Climate; Water,"Challenge #1 - Nexus Complexity Challenge (addressing and embracing nexus complexity); Challenge #2 – Nexus Values Challenge (considering multiple values and trade-offs); Challenge #3 – Nexus Governance Challenge (effective governance of the nexus) ; Challenge #5 – Nexus Knowledge and Scaling Challenge (ensuring adequate data, information, and monitoring)",Hierarchical Governance,Legal and Regulatory Instruments,Multilateral Organisations; Governments,NA
554,The health impacts of climate-related migration,Review; Perspective,Sub-Saharan Africa; Latin America and the Caribbean; Northern America; Southern Europe; Australia and New Zealand; Melanesia,Subnational >100 km² (watershed); National (whole country),Climate; Health,Challenge #1 - Nexus Complexity Challenge (addressing and embracing nexus complexity),Network Governance,Rights-Based Instruments and Customary Norms,Civil Society; Governments,Poverty; Economic growth; Education
556,Climate change and water science policy in management,Perspective; Conceptual/theoretical,Northern Africa,"Regional (multiple countries, whole continents)",Climate; Water,"Challenge #5 – Nexus Knowledge and Scaling Challenge (ensuring adequate data, information, and monitoring)",NA,NA,Academia,NA
558,The land-water-food nexus: Expanding the social-ecological system framework to link land and water governance,Empirical,Central Asia,National (whole country),Food; Water,Challenge #3 – Nexus Governance Challenge (effective governance of the nexus),Community Governance,Economic and Financial Instruments; Social and Cultural Instruments,Private; NGOs; Governments,Other: Land
560,"Towards understanding the integrative approach of the water, energy and food nexus",Review,Not applicable (no specific spatial location),Not applicable (no specific spatial location),Climate; Food; Water,Challenge #1 - Nexus Complexity Challenge (addressing and embracing nexus complexity),Market Governance; Network Governance,Legal and Regulatory Instruments; Economic and Financial Instruments,Funders; Civil Society; Governments,Economic growth; Energy; Other: Trade
561,Rethinking the water-food-energy-climate security nexus,Review; Perspective,Not applicable (no specific spatial location),Not applicable (no specific spatial location),Climate; Food; Water,Challenge #1 - Nexus Complexity Challenge (addressing and embracing nexus complexity); Challenge #3 – Nexus Governance Challenge (effective governance of the nexus),NA,Legal and Regulatory Instruments; Rights-Based Instruments and Customary Norms; Social and Cultural Instruments,Academia; Governments,Education; Energy
565,On the sustainability of inland fisheries: Finding a future for the forgotten,Perspective; Conceptual/theoretical,Micronesia; Not applicable (no specific spatial location),Not applicable (no specific spatial location),Biodiversity; Food,"Challenge #3 – Nexus Governance Challenge (effective governance of the nexus) ; Challenge #5 – Nexus Knowledge and Scaling Challenge (ensuring adequate data, information, and monitoring)",Network Governance,Legal and Regulatory Instruments; Rights-Based Instruments and Customary Norms,Private; Civil Society; Academia; IPLCs; Regional Organisations; Governments,Equity; Poverty; Energy
569,Ethiopia’s challenge to Egyptian hegemony in the Nile River Basin: The case of the grand Ethiopian renaissance dam,Conceptual/theoretical,Northern Africa; Sub-Saharan Africa,"Regional (multiple countries, whole continents)",Food; Water,Challenge #1 - Nexus Complexity Challenge (addressing and embracing nexus complexity),NA,Other: none,Private; Civil Society; Regional Organisations; Multilateral Organisations; Governments,Economic growth; Employment; Energy
574,Understanding barriers to decision making in the UK energy-food-water nexus: The added value of interdisciplinary approaches,Empirical,Northern Europe,National (whole country),Food; Water,"Challenge #1 - Nexus Complexity Challenge (addressing and embracing nexus complexity); Challenge #2 – Nexus Values Challenge (considering multiple values and trade-offs); Challenge #3 – Nexus Governance Challenge (effective governance of the nexus) ; Challenge #5 – Nexus Knowledge and Scaling Challenge (ensuring adequate data, information, and monitoring); Other: To explore the impact of climate and weather shocks across the energy-food-water nexus and barriers to related responses",NA,Legal and Regulatory Instruments,"Private; Academia; NGOs; Other: Practitioners (directly involved in implementation of climate-related solutions or decision making processes on the ground), policy communities (involved in formulating policies and decisions on climate change and nexus related issues)",Energy
576,Cross-sectoral strategies in global sustainability governance: towards a nexus approach,Perspective,Not applicable (no specific spatial location),Not applicable (no specific spatial location),Biodiversity; Climate; Health; Food; Water,Other: Operationalize the nexus concept for the arrangement of integrated agendas (Maybe challenge #1),NA,Legal and Regulatory Instruments,Private; Academia; Multilateral Organisations; Governments,Equity; Poverty; Economic growth; Employment; Education; Energy
581,"Pacific connections for health, ecosystems and society: New approaches to the land-water-health nexus",Review,Not applicable (no specific spatial location),Multi-regional (multiple continents/geographic regions),Biodiversity; Health; Water,Challenge #1 - Nexus Complexity Challenge (addressing and embracing nexus complexity),Network Governance,NA,Civil Society,Indigenous values and knowledge
592,Forest-food nexus: A topical opportunity for human well-being and silviculture,Opinion,Southern Europe,National (whole country),Biodiversity; Climate; Food,"Challenge #5 – Nexus Knowledge and Scaling Challenge (ensuring adequate data, information, and monitoring)",Other: An integrated governance is thus needed for securing these multi-functional landscapes.,"Other: In particular, a supportive policy framework  needs  to  be  developed  that  considers  both the forestry and agriculture sectors in tandem.",Civil Society; Governments,Economic growth
605,"China's water security: Current status, emerging challenges and future prospects",Review,Central Asia,National (whole country),Biodiversity; Climate; Health; Food; Water,"Other: Elaborates on emerging challenges for achieving water security in China, including climate change, continuous socio-economic development, population growth and urbanization in particular, and the water-food-energy nexus. How do these three challenges play out affecting China's water security?",Hierarchical Governance,Legal and Regulatory Instruments; Other: Improved water management,Private; Civil Society; NGOs; Governments,Equity; Energy
609,Governance of transitions towards sustainable development – the water–energy–food nexus in Cyprus,Modelling,Western Asia,Subnational >100 km² (watershed),Food; Water,"Challenge #1 - Nexus Complexity Challenge (addressing and embracing nexus complexity); Challenge #2 – Nexus Values Challenge (considering multiple values and trade-offs); Challenge #3 – Nexus Governance Challenge (effective governance of the nexus) ; Challenge #5 – Nexus Knowledge and Scaling Challenge (ensuring adequate data, information, and monitoring)",Other: Reflexive Governance,Legal and Regulatory Instruments; Economic and Financial Instruments; Social and Cultural Instruments,Private; Media; Funders; Civil Society; Academia; NGOs; Governments,Equity; Poverty; Education; Energy
616,Research and development priorities in water security,Perspective,Not applicable (no specific spatial location),Not applicable (no specific spatial location),Climate; Food; Water,Challenge #2 – Nexus Values Challenge (considering multiple values and trade-offs),NA,NA,NA,NA
617,The soil–peace nexus: our common future,Perspective; Conceptual/theoretical,Not applicable (no specific spatial location),Not applicable (no specific spatial location),Biodiversity; Climate; Health; Food; Water,Other: Ensuring conditions to implement/promote nexus,NA,Legal and Regulatory Instruments; Social and Cultural Instruments,Civil Society; Governments,Equity; Poverty; Education; Other: Political security
625,Domestic and international forest regime nexus in Cameroon: An assessment of the effectiveness of REDD+ policy design strategy in the context of the climate change regime,Empirical,Sub-Saharan Africa,National (whole country),Biodiversity; Climate,Challenge #3 – Nexus Governance Challenge (effective governance of the nexus) ; Challenge #4 – Nexus Financial Challenge (ensuring adequate financing for the nexus),NA,Legal and Regulatory Instruments; Rights-Based Instruments and Customary Norms; Economic and Financial Instruments; Other: International Agreements and Initiatives,Civil Society; Academia; NGOs; Governments,Equity
630,"Consumers, food supply chain and the nexus",Review; Perspective; Conceptual/theoretical,Not applicable (no specific spatial location),Not applicable (no specific spatial location),Climate; Food; Water,Challenge #1 - Nexus Complexity Challenge (addressing and embracing nexus complexity); Challenge #3 – Nexus Governance Challenge (effective governance of the nexus),NA,Legal and Regulatory Instruments; Social and Cultural Instruments,Private; Civil Society,Energy
640,Water governance in a comparative perspective: From IWRM to a 'nexus' approach?,Review; Perspective,Southern Asia; Western Europe,National (whole country),Climate; Food; Water,Challenge #3 – Nexus Governance Challenge (effective governance of the nexus),"Hierarchical Governance; Network Governance; Other:  Integrated Water Resources Management (IWRM), Multi-level Governance",Legal and Regulatory Instruments; Economic and Financial Instruments,Private; NGOs; Governments,Equity; Poverty; Energy; Other: gender
641,The rise and implications of the water-energy-food nexus in Southeast Asia through an environmental justice lens,Review,South-eastern Asia,"Regional (multiple countries, whole continents)",Biodiversity; Food; Water,Challenge #1 - Nexus Complexity Challenge (addressing and embracing nexus complexity); Challenge #3 – Nexus Governance Challenge (effective governance of the nexus),Hierarchical Governance,NA,Funders; Civil Society; Academia; NGOs; Multilateral Organisations; Governments,Equity; Energy
645,"Agriculture, health, and wealth convergence: Bridging traditional food systems and modern agribusiness solutions",Other: Introduction to a special feature,Not applicable (no specific spatial location),Not applicable (no specific spatial location),Health; Food,Challenge #3 – Nexus Governance Challenge (effective governance of the nexus),Community Governance,Legal and Regulatory Instruments; Economic and Financial Instruments; Social and Cultural Instruments,Private; Civil Society; Academia; NGOs; Multilateral Organisations; Governments,NA
647,Recasting payments for ecosystem services (PES) in water resource management: A novel institutional approach,Perspective,Not applicable (no specific spatial location),Not applicable (no specific spatial location),Biodiversity; Climate; Water,"Challenge #3 – Nexus Governance Challenge (effective governance of the nexus) ; Challenge #4 – Nexus Financial Challenge (ensuring adequate financing for the nexus); Other: In what ways is human well-being dependent on the resiliency of ecosystem services, particularly for achieving social equality in terms of human capabilities?",Other: Nested governance,Legal and Regulatory Instruments; Economic and Financial Instruments,Private; Civil Society; Governments,Equity; Poverty; Other: Land
681,The energy-security-climate-change nexus in Brazil,Perspective; Conceptual/theoretical,Latin America and the Caribbean,National (whole country),Biodiversity; Climate,Challenge #1 - Nexus Complexity Challenge (addressing and embracing nexus complexity); Challenge #3 – Nexus Governance Challenge (effective governance of the nexus),Hierarchical Governance,Legal and Regulatory Instruments; Rights-Based Instruments and Customary Norms; Economic and Financial Instruments,Private; Governments; Other: Industry,Economic growth; Energy
689,A scalable approach towards realizing tangible benefits in transboundary river basins and regions,Conceptual/theoretical; Other: Book chapter,Not applicable (no specific spatial location),Not applicable (no specific spatial location),Food,"Challenge #1 - Nexus Complexity Challenge (addressing and embracing nexus complexity); Challenge #2 – Nexus Values Challenge (considering multiple values and trade-offs); Challenge #3 – Nexus Governance Challenge (effective governance of the nexus) ; Challenge #5 – Nexus Knowledge and Scaling Challenge (ensuring adequate data, information, and monitoring)",Market Governance,Legal and Regulatory Instruments; Economic and Financial Instruments,Private; Civil Society; Governments,Energy
695,"Reprint of ""Can Earth system interactions be governed? Governance functions for linking climate change mitigation with land use, freshwater and biodiversity protection""",Conceptual/theoretical,Not applicable (no specific spatial location),Not applicable (no specific spatial location),Biodiversity; Climate; Food; Water,Challenge #1 - Nexus Complexity Challenge (addressing and embracing nexus complexity); Challenge #2 – Nexus Values Challenge (considering multiple values and trade-offs),"Network Governance; Other: cognitive modes of governance,",Legal and Regulatory Instruments; Economic and Financial Instruments; Social and Cultural Instruments,Private; Civil Society; Academia; NGOs; Regional Organisations; Multilateral Organisations; Governments,Equity; Indigenous values and knowledge
699,"Can Earth system interactions be governed? Governance functions for linking climate change mitigation with land use, freshwater and biodiversity protection",Conceptual/theoretical,Eastern Europe;  Northern Europe; Western Europe,"Regional (multiple countries, whole continents)",Biodiversity; Climate; Food; Water,"Challenge #1 - Nexus Complexity Challenge (addressing and embracing nexus complexity); Challenge #2 – Nexus Values Challenge (considering multiple values and trade-offs); Challenge #3 – Nexus Governance Challenge (effective governance of the nexus) ; Challenge #5 – Nexus Knowledge and Scaling Challenge (ensuring adequate data, information, and monitoring)",Network Governance,Legal and Regulatory Instruments; Economic and Financial Instruments; Social and Cultural Instruments,Private; Funders; Civil Society; Academia; NGOs; Regional Organisations; Multilateral Organisations; Governments,NA
703,Perspectives on environmental management and technology in Asian river basins,Review; Other: Book,Central Asia; Eastern Asia; South-eastern Asia; Southern Asia; Western Asia,Not applicable (no specific spatial location),Biodiversity; Climate; Food; Water,"Challenge #1 - Nexus Complexity Challenge (addressing and embracing nexus complexity); Challenge #2 – Nexus Values Challenge (considering multiple values and trade-offs); Challenge #3 – Nexus Governance Challenge (effective governance of the nexus) ; Challenge #5 – Nexus Knowledge and Scaling Challenge (ensuring adequate data, information, and monitoring)",Hierarchical Governance; Market Governance; Network Governance,Legal and Regulatory Instruments,Private; Civil Society; Academia; IPLCs; NGOs; Governments,Economic growth; Education; Energy
2544,The water-energy-food nexus: A new approach in support of food security and sustainable agriculture,Perspective,Not applicable (no specific spatial location),Not applicable (no specific spatial location),Food; Water,Challenge #1 - Nexus Complexity Challenge (addressing and embracing nexus complexity); Challenge #2 – Nexus Values Challenge (considering multiple values and trade-offs),Network Governance; Other: coordinated management,Legal and Regulatory Instruments; Economic and Financial Instruments; Social and Cultural Instruments,NA,Employment; Energy
2547,Walking the nexus talk: assessing the water-energy-food nexus in the context of the sustainable energy for all initiative,Review; Conceptual/theoretical; Other: Assessment,Sub-Saharan Africa; Eastern Asia; South-eastern Asia; Southern Asia; Western Asia; Southern Europe,"Site <1 km² (field to farm); Local >1 km² to 100 km² (neighbourhood to municipality); Subnational >100 km² (watershed); National (whole country); Regional (multiple countries, whole continents)",Food; Water,Challenge #2 – Nexus Values Challenge (considering multiple values and trade-offs),NA,Economic and Financial Instruments; Social and Cultural Instruments,Private; NGOs; Governments,Economic growth; Employment; Energy; Other: capital
2548,Implementing the water-energy-food-ecosystems nexus and achieving the sustainable development goals,Review; Other: Report,Not applicable (no specific spatial location),Not applicable (no specific spatial location),Biodiversity; Climate; Health; Food; Water,"Challenge #1 - Nexus Complexity Challenge (addressing and embracing nexus complexity); Challenge #2 – Nexus Values Challenge (considering multiple values and trade-offs); Challenge #3 – Nexus Governance Challenge (effective governance of the nexus) ; Challenge #4 – Nexus Financial Challenge (ensuring adequate financing for the nexus); Challenge #5 – Nexus Knowledge and Scaling Challenge (ensuring adequate data, information, and monitoring)",Hierarchical Governance,Legal and Regulatory Instruments; Economic and Financial Instruments,Private; Funders; Civil Society; Academia; IPLCs; NGOs; Regional Organisations; Multilateral Organisations; Governments,Equity; Poverty; Economic growth; Employment; Indigenous values and knowledge; Education; Energy
2550,Nexus Governance: Harnessing Contending Forces at Work. Nexus Dialogue Synthesis Papers,Conceptual/theoretical,Southern Asia,"Regional (multiple countries, whole continents)",Food; Water,"Challenge #1 - Nexus Complexity Challenge (addressing and embracing nexus complexity); Challenge #2 – Nexus Values Challenge (considering multiple values and trade-offs); Challenge #3 – Nexus Governance Challenge (effective governance of the nexus) ; Challenge #4 – Nexus Financial Challenge (ensuring adequate financing for the nexus); Challenge #5 – Nexus Knowledge and Scaling Challenge (ensuring adequate data, information, and monitoring)",Network Governance; Community Governance,"Legal and Regulatory Instruments; Economic and Financial Instruments; Social and Cultural Instruments; Other: community-based management, multi-stakeholder platforms, and the need for inclusive and responsive policy platforms.",Funders; Civil Society; NGOs; Governments,Equity; Poverty; Economic growth; Indigenous values and knowledge; Energy
2551,Governance in the water-energy-food nexus: Gaps and future research needs,Review,Not applicable (no specific spatial location),Not applicable (no specific spatial location),Food; Water,Challenge #1 - Nexus Complexity Challenge (addressing and embracing nexus complexity); Challenge #3 – Nexus Governance Challenge (effective governance of the nexus),Other: Integrative environmental governance,NA,NA,Equity; Energy
2552,Governing the Water-Energy-Food Nexus Approach for Creating Synergies and Managing Trade-offs,Perspective,South-eastern Asia; Southern Asia,"Regional (multiple countries, whole continents)",Food; Water,Challenge #2 – Nexus Values Challenge (considering multiple values and trade-offs),Hierarchical Governance,Legal and Regulatory Instruments; Social and Cultural Instruments,NA,Energy
2559,Mitigation of climate change—IPCC,Other: IPCC Report,Not applicable (no specific spatial location),Not applicable (no specific spatial location),Climate; Food; Water,Challenge #3 – Nexus Governance Challenge (effective governance of the nexus),"Hierarchical Governance; Other: Multi-centred or polycentric forms of governance, and cross-sectoral governance",Legal and Regulatory Instruments; Economic and Financial Instruments; Social and Cultural Instruments,Private; Media; Funders; Civil Society; Academia; IPLCs; NGOs; Regional Organisations; Multilateral Organisations; Governments,Energy; Other: Land
2574,Addressing Food Security Challenges in Lebanon: A Water-Energy-Food-Health Nexus Approach,Perspective,Western Asia,National (whole country),Food; Water,Challenge #1 - Nexus Complexity Challenge (addressing and embracing nexus complexity),NA,NA,Funders; Civil Society; Academia; Multilateral Organisations; Governments,Equity; Poverty; Economic growth; Employment; Education; Energy
2575,Addressing the Climate-SDGs Synergies and Trade-offs for the Water-Energy-Food Nexus Solutions,Perspective; Other: technical brief,Not applicable (no specific spatial location),Not applicable (no specific spatial location),Climate; Health; Food; Water,Challenge #2 – Nexus Values Challenge (considering multiple values and trade-offs),Network Governance; Community Governance,NA,NA,"Employment; Energy; Other: peace, justice, strong institutions"
2587,GEO-6: Global Environment Outlook: Regional assessment for Asia and the Pacific,Review; Perspective; Empirical; Other: Assessment,Central Asia; Eastern Asia; South-eastern Asia; Southern Asia; Western Asia; Australia and New Zealand; Melanesia; Micronesia; Polynesia,Multi-regional (multiple continents/geographic regions),Biodiversity; Climate; Health; Food; Water,"Challenge #3 – Nexus Governance Challenge (effective governance of the nexus) ; Challenge #4 – Nexus Financial Challenge (ensuring adequate financing for the nexus); Challenge #5 – Nexus Knowledge and Scaling Challenge (ensuring adequate data, information, and monitoring)","Hierarchical Governance; Market Governance; Network Governance; Community Governance; Other: collaborative governance, transformative governance",Legal and Regulatory Instruments; Economic and Financial Instruments,Private; NGOs; Regional Organisations; Multilateral Organisations; Governments,Equity; Poverty; Economic growth; Energy
2588,GEO-6: Global Environment Outlook: Regional assessment for Latin America and the Caribbean,Review; Perspective; Other: assessment,Latin America and the Caribbean,"Regional (multiple countries, whole continents)",Biodiversity; Climate; Health; Food; Water,"Challenge #2 – Nexus Values Challenge (considering multiple values and trade-offs); Challenge #3 – Nexus Governance Challenge (effective governance of the nexus) ; Challenge #4 – Nexus Financial Challenge (ensuring adequate financing for the nexus); Challenge #5 – Nexus Knowledge and Scaling Challenge (ensuring adequate data, information, and monitoring)","Hierarchical Governance; Community Governance; Other: transformative policy, transformative governance",Legal and Regulatory Instruments; Economic and Financial Instruments,Private; Civil Society; Regional Organisations; Governments,"Equity; Poverty; Economic growth; Employment; Energy; Other: trade, resources consumption"
2589,GEO-6: Global Environment Outlook: Regional assessment for North America,Review; Other: Report,Northern America,"Regional (multiple countries, whole continents)",Biodiversity; Climate; Health; Food; Water,Challenge #1 - Nexus Complexity Challenge (addressing and embracing nexus complexity); Challenge #3 – Nexus Governance Challenge (effective governance of the nexus),Hierarchical Governance; Community Governance,Legal and Regulatory Instruments; Economic and Financial Instruments,Private; Media; Funders; Civil Society; Academia; IPLCs; NGOs; Regional Organisations; Multilateral Organisations; Governments,Energy
2590,GEO-6: Global Environment Outlook: Regional assessment for West Asia,Review; Other: assessment,Western Asia,"Regional (multiple countries, whole continents)",Biodiversity; Climate; Health; Water,"Challenge #2 – Nexus Values Challenge (considering multiple values and trade-offs); Challenge #3 – Nexus Governance Challenge (effective governance of the nexus) ; Challenge #4 – Nexus Financial Challenge (ensuring adequate financing for the nexus); Challenge #5 – Nexus Knowledge and Scaling Challenge (ensuring adequate data, information, and monitoring)","Hierarchical Governance; Network Governance; Other: good governance, multi-level governance, pluralistic mechanisms",Legal and Regulatory Instruments; Economic and Financial Instruments,Private; Media; Civil Society; Academia; NGOs; Regional Organisations; Governments,"Equity; Economic growth; Education; Energy; Other: peace, transport"
2591,GEO-6: Global Environment Outlook: Regional assessment for the Pan-European Region,Review; Other: Assessement,Eastern Europe;  Northern Europe; Southern Europe; Western Europe,"Regional (multiple countries, whole continents)",Biodiversity; Climate; Health; Food; Water,NA,NA,NA,Civil Society; Regional Organisations; Governments; Other: Businesses,Equity; Indigenous values and knowledge
2592,GEO-6 for youth,Review; Other: Report,Not applicable (no specific spatial location),Not applicable (no specific spatial location),Biodiversity; Climate; Health; Food; Water,"Challenge #2 – Nexus Values Challenge (considering multiple values and trade-offs); Challenge #3 – Nexus Governance Challenge (effective governance of the nexus) ; Challenge #5 – Nexus Knowledge and Scaling Challenge (ensuring adequate data, information, and monitoring)",Hierarchical Governance; Market Governance,Legal and Regulatory Instruments; Rights-Based Instruments and Customary Norms; Economic and Financial Instruments; Social and Cultural Instruments,Private; Media; IPLCs; NGOs; Governments,"Equity; Poverty; Economic growth; Employment; Indigenous values and knowledge; Education; Energy; Other: Mining, Waste"
2593,"Global Environment Outlook For Youth, Africa",Review; Other: Report,Northern Africa; Sub-Saharan Africa,"Regional (multiple countries, whole continents)",Biodiversity; Climate; Health; Food; Water,"Challenge #2 – Nexus Values Challenge (considering multiple values and trade-offs); Challenge #3 – Nexus Governance Challenge (effective governance of the nexus) ; Challenge #4 – Nexus Financial Challenge (ensuring adequate financing for the nexus); Challenge #5 – Nexus Knowledge and Scaling Challenge (ensuring adequate data, information, and monitoring)",NA,Legal and Regulatory Instruments; Economic and Financial Instruments,Private; Media; Funders; IPLCs; NGOs; Regional Organisations; Multilateral Organisations; Governments; Other: Youth and youth leaders,Equity; Poverty; Economic growth; Employment; Indigenous values and knowledge; Education; Energy
