Gov,n
Adaptive Governance,7
Biocultural Governance,1
Centralised Governance,1
Collaborative Governance,6
Community Governance,47
Consumption-based Governance,1
Coordinated Governance,3
Cross-sectoral Governance,2
Decentralised Governance,1
Flexible Governance,1
Good Governance,2
Hierarchical Governance,72
Inclusive Governance,1
Integrative Governance,12
Market Governance,30
Meta-governance,1
Multi-lateral Governance,2
Multi-level Governance,10
Multi-modal Governance,1
Nested Governance,1
Network Governance,53
Nexus Governance,2
Participatory Governance,2
Polycentric Governance,7
Reflexive Governance,1
Resource-based Governance,1
System Governance,2
Transboundary Governance,1
Transformative Governance,4
NA,83
